,Player,Span,Matches,Innings,Not Outs,Runs,Highest Score,Average,Balls Faced,Strike Rate,100,50,0,4s,6s,Unnamed: 15
0,V Kohli (INDIA),2010-2019,75,70,20,2633,94*,52.66,1907,138.07,0,24,2,247,71,
1,RG Sharma (INDIA),2007-2019,104,96,14,2633,118,32.1,1905,138.21,4,19,6,234,120,
2,MJ Guptill (NZ),2009-2019,83,80,7,2436,105,33.36,1810,134.58,2,15,2,215,113,
3,Shoaib Malik (ICC/PAK),2006-2019,111,104,30,2263,75,30.58,1824,124.06,0,7,1,186,61,
4,BB McCullum (NZ),2005-2015,71,70,10,2140,123,35.66,1571,136.21,2,13,3,199,91,
5,DA Warner (AUS),2009-2019,76,76,8,2079,100*,30.57,1476,140.85,1,15,5,203,86,
6,EJG Morgan (ENG),2009-2019,86,84,17,2002,91,29.88,1475,135.72,0,11,3,151,96,
7,Mohammad Shahzad (AFG),2010-2018,65,65,3,1936,118*,31.22,1436,134.81,1,12,3,218,72,
8,JP Duminy (SA),2007-2019,81,75,25,1934,96*,38.68,1532,126.24,0,11,6,138,71,
9,PR Stirling (IRE),2009-2019,72,71,6,1929,91,29.67,1401,137.68,0,16,8,233,59,
10,Mohammad Hafeez (PAK),2006-2018,89,86,8,1908,86,24.46,1643,116.12,0,10,6,196,51,
11,TM Dilshan (SL),2006-2016,80,79,12,1889,104*,28.19,1567,120.54,1,13,10,223,33,
12,AJ Finch (AUS),2011-2019,58,58,9,1878,172,38.32,1200,156.5,2,11,4,182,90,
13,LRPL Taylor (NZ),2006-2019,95,87,19,1743,63,25.63,1430,121.88,0,5,5,110,65,
14,Umar Akmal (PAK),2009-2019,84,79,14,1690,94,26.0,1377,122.73,0,8,10,122,55,
15,AB de Villiers (SA),2006-2017,78,75,11,1672,79*,26.12,1237,135.16,0,10,5,140,60,
16,H Masakadza (ZIM),2006-2019,66,66,2,1662,93*,25.96,1418,117.2,0,11,1,151,65,
17,AD Hales (ENG),2011-2019,60,60,7,1644,116*,31.01,1203,136.65,1,8,4,175,55,
18,CH Gayle (WI),2006-2019,58,54,4,1627,117,32.54,1139,142.84,2,13,3,138,105,
19,MS Dhoni (INDIA),2006-2019,98,85,42,1617,56,37.6,1282,126.13,0,2,1,116,52,
20,Tamim Iqbal (BDESH/ICC/World),2007-2018,75,75,5,1613,103*,23.04,1383,116.63,1,6,6,174,41,
21,MN Samuels (WI),2007-2018,67,65,10,1611,89*,29.29,1386,116.23,0,10,0,144,69,
22,SK Raina (INDIA),2006-2018,78,66,11,1605,101,29.18,1190,134.87,1,5,3,145,58,
23,GJ Maxwell (AUS),2012-2019,61,54,9,1576,145*,35.02,985,160.0,3,7,1,133,81,
24,Shakib Al Hasan (BDESH),2006-2019,76,76,10,1567,84,23.74,1266,123.77,0,9,5,163,33,
25,C Munro (NZ),2012-2019,60,57,7,1546,109*,30.92,966,160.04,3,9,5,114,100,
26,KS Williamson (NZ),2011-2019,57,55,7,1505,73*,31.35,1236,121.76,0,9,2,158,26,
27,S Dhawan (INDIA),2011-2019,58,57,3,1504,92,27.85,1173,128.21,0,9,1,166,46,
28,KJ O'Brien (IRE),2008-2019,90,83,10,1504,124,20.6,1124,133.8,1,3,10,117,69,
29,DPMD Jayawardene (SL),2006-2014,55,55,8,1493,100,31.76,1121,133.18,1,9,4,173,33,
30,Ahmed Shehzad (PAK),2009-2019,59,59,2,1471,111*,25.8,1282,114.74,1,7,2,157,33,
31,SR Watson (AUS),2006-2016,58,56,6,1462,124*,29.24,1006,145.32,1,10,3,115,83,
32,Mahmudullah (BDESH),2007-2019,83,76,16,1430,64*,23.83,1166,122.64,0,4,2,113,48,
33,Shahid Afridi (ICC/PAK),2006-2018,99,91,12,1416,54*,17.92,944,150.0,0,4,8,103,73,
34,Babar Azam (PAK),2016-2019,36,36,8,1405,97*,50.17,1102,127.49,0,12,0,139,20,
35,KJ Coetzer (SCOT),2008-2019,58,56,2,1386,89,25.66,1136,122.0,0,6,3,144,45,
36,KC Sangakkara (SL),2006-2014,56,53,9,1382,78,31.4,1156,119.55,0,8,2,139,20,
37,F du Plessis (SA/World),2012-2019,44,44,6,1363,119,35.86,1006,135.48,1,8,0,126,45,
38,Mohammad Nabi (AFG),2010-2019,75,70,11,1316,89,22.3,902,145.89,0,4,4,83,78,
39,DA Miller (SA/World),2010-2019,72,62,18,1309,101*,29.75,935,140.0,1,2,0,91,57,
40,HM Amla (SA/World),2009-2018,44,44,6,1277,97*,33.6,967,132.05,0,8,2,146,26,
41,Mushfiqur Rahim (BDESH),2006-2019,84,76,13,1265,72*,20.07,1060,119.33,0,5,5,110,31,
42,JC Buttler (ENG),2011-2018,66,58,11,1260,73*,26.8,912,138.15,0,7,3,102,53,
43,RD Berrington (SCOT),2008-2019,61,54,10,1247,100,28.34,967,128.95,1,3,6,117,36,
44,GC Wilson (IRE),2008-2019,78,65,8,1239,65*,21.73,1185,104.55,0,3,4,105,20,
45,Yuvraj Singh (INDIA),2007-2017,58,51,9,1177,77*,28.02,863,136.38,0,8,1,77,74,
46,KP Pietersen (ENG),2005-2013,37,36,5,1176,79,37.93,831,141.51,0,7,1,119,32,
47,MDKJ Perera (SL),2013-2019,42,42,0,1171,84,27.88,867,135.06,0,11,0,114,41,
48,NLTC Perera (ICC/SL/World),2010-2019,79,70,21,1169,61,23.85,767,152.41,0,3,8,87,62,
49,Asghar Afghan (AFG),2010-2019,66,60,4,1167,62,20.83,1102,105.89,0,3,4,69,58,
0,DJ Bravo (WI),2006-2016,66,59,12,1142,66*,24.29,981,116.41,0,4,4,67,49,
1,KL Rahul (INDIA),2016-2019,34,31,5,1138,110*,43.76,777,146.46,2,8,1,102,50,
2,BN Cooper (NL),2013-2019,51,48,9,1094,91*,28.05,890,122.92,0,7,5,96,36,
3,WTS Porterfield (IRE),2008-2018,61,59,6,1079,72,20.35,971,111.12,0,3,5,120,23,
4,KA Pollard (WI),2008-2019,68,58,12,1058,68,23.0,819,129.18,0,4,1,69,61,
5,AD Mathews (SL),2009-2018,72,57,18,1055,81*,27.05,893,118.14,0,5,1,67,35,
6,CS MacLeod (SCOT),2009-2019,49,47,7,1042,74,26.05,905,115.13,0,7,4,93,21,
7,Q de Kock (SA),2012-2019,38,38,5,1018,79*,30.84,787,129.35,0,4,3,117,32,
8,LMP Simmons (WI),2007-2019,49,48,7,990,82*,24.14,848,116.74,0,6,6,92,37,
9,Kamran Akmal (PAK),2006-2017,58,53,6,987,73,21.0,825,119.63,0,5,7,100,31,
10,HG Munsey (SCOT),2015-2019,38,36,3,987,127*,29.9,640,154.21,1,5,4,114,45,
11,Samiullah Shinwari (AFG),2010-2019,62,55,10,985,61,21.88,829,118.81,0,2,2,73,37,
12,CL White (AUS),2007-2014,47,44,14,984,85*,32.8,740,132.97,0,5,3,71,44,
13,GC Smith (SA),2005-2011,33,33,2,982,89*,31.67,770,127.53,0,5,1,123,26,
14,Shaiman Anwar (UAE),2014-2019,32,32,3,971,117*,33.48,770,126.1,1,6,1,75,43,
15,Sabbir Rahman (BDESH),2014-2019,44,43,5,946,80,24.89,783,120.81,0,4,2,89,28,
16,G Gambhir (INDIA),2007-2012,37,36,2,932,75,27.41,783,119.02,0,7,2,109,10,
17,Najibullah Zadran (AFG),2012-2019,57,48,18,918,69*,30.6,663,138.46,0,3,1,60,48,
18,JE Root (ENG),2012-2019,32,30,5,893,90*,35.72,707,126.3,0,5,2,92,16,
19,MP O'Dowd (NL),2015-2019,36,35,2,866,69,26.24,718,120.61,0,6,0,83,19,
20,E Chigumbura (ZIM),2006-2019,54,53,9,852,54*,19.36,597,142.71,0,3,6,58,51,
21,E Lewis (WI),2016-2019,29,28,1,833,125*,30.85,544,153.12,2,5,3,54,67,
22,SC Williams (ZIM),2006-2019,38,38,5,821,66,24.87,630,130.31,0,6,4,75,24,
23,BRM Taylor (ZIM),2006-2019,38,38,5,818,75*,24.78,678,120.64,0,5,5,81,23,
24,Sarfaraz Ahmed (PAK),2010-2019,58,41,12,812,89*,28.0,641,126.67,0,3,2,79,15,
25,LD Chandimal (SL),2010-2018,54,47,4,800,58,18.6,766,104.43,0,4,0,73,16,
26,W Barresi (NL),2012-2019,42,41,6,799,75*,22.82,695,114.96,0,4,3,69,21,
27,Soumya Sarkar (BDESH),2015-2019,46,46,0,791,51,17.19,648,122.06,0,1,8,81,28,
28,A Balbirnie (IRE),2015-2019,37,33,2,790,83,25.48,593,133.22,0,4,3,94,12,
29,Misbah-ul-Haq (PAK),2007-2012,39,34,13,788,87*,37.52,715,110.2,0,3,2,45,26,
30,P Khadka (NEPAL),2014-2019,30,29,3,777,106*,29.88,602,129.06,1,4,3,79,26,
31,ADS Fletcher (WI),2008-2018,42,40,4,765,84*,21.25,707,108.2,0,6,6,54,37,
32,LJ Wright (ENG),2007-2014,51,45,5,759,99*,18.97,554,137.0,0,4,9,68,31,
33,Fakhar Zaman (PAK),2017-2019,34,33,0,756,91,22.9,553,136.7,0,4,2,86,22,
34,DJ Hussey (AUS),2008-2012,39,36,3,756,88*,22.9,623,121.34,0,3,4,41,34,
35,MH Cross (SCOT),2013-2019,43,35,6,755,66*,26.03,593,127.31,0,5,3,77,22,
36,JJ Roy (ENG),2014-2018,32,32,0,743,78,23.21,512,145.11,0,4,4,75,35,
37,SJ Myburgh (NL),2012-2019,33,32,2,741,71*,24.7,635,116.69,0,5,6,82,22,
38,J Charles (WI),2011-2016,34,33,0,724,84,21.93,595,121.68,0,4,4,84,26,
39,MEK Hussey (AUS),2005-2012,38,30,11,721,60*,37.94,529,136.29,0,4,1,58,25,
40,RS Bopara (ENG),2008-2014,38,35,10,711,65*,28.44,599,118.69,0,3,0,54,17,
41,CK Kapugedera (SL),2006-2017,43,38,7,703,50,22.67,591,118.95,0,1,0,58,25,
42,Muhammad Usman (UAE),2016-2019,34,32,5,695,89*,25.74,593,117.2,0,3,3,61,21,
43,CO Obuya (KENYA),2007-2019,35,33,6,691,75*,25.59,649,106.47,0,4,3,47,17,
44,TP Ura (PNG),2015-2019,23,23,5,671,107*,37.27,476,140.96,1,4,0,54,31,
45,JH Kallis (SA),2005-2012,25,23,4,666,73,35.05,558,119.35,0,5,0,56,20,
46,PW Borren (NL),2008-2017,43,38,5,638,57,19.33,524,121.75,0,1,2,60,18,
47,D Ramdin (WI),2006-2019,71,50,16,636,55*,18.7,551,115.42,0,1,3,51,19,
48,ST Jayasuriya (SL),2006-2011,31,30,3,629,88,23.29,487,129.15,0,4,4,76,23,
49,CJ Chibhabha (ZIM),2006-2018,33,32,0,621,67,19.4,570,108.94,0,5,3,72,12,
0,MR Swart (NL),2012-2016,26,25,2,621,89,27.0,537,115.64,0,4,1,53,16,
1,MN Waller (ZIM),2011-2018,32,31,8,613,68,26.65,443,138.37,0,1,2,42,28,
2,Rohan Mustafa (UAE),2014-2019,38,37,1,605,77,16.8,521,116.12,0,2,4,71,17,
3,JM Bairstow (ENG),2011-2019,34,29,6,603,68,26.21,450,134.0,0,3,2,56,25,
4,Jatinder Singh (OMAN),2015-2019,25,25,2,599,68*,26.04,535,111.96,0,3,1,63,6,
5,Salman Butt (PAK),2007-2010,24,23,2,595,74,28.33,551,107.98,0,3,1,66,10,
6,RR Hendricks (SA),2014-2019,22,22,0,593,74,26.95,487,121.76,0,4,2,71,8,
7,DJM Short (AUS),2018-2019,20,20,2,592,76,32.88,490,120.81,0,4,1,66,15,
8,MK Pandey (INDIA),2015-2019,32,27,12,587,79*,39.13,478,122.8,0,2,2,40,16,
9,DJG Sammy (WI/World),2007-2017,68,52,18,587,42*,17.26,398,147.48,0,0,3,45,31,
10,PD Collingwood (ENG/World),2005-2017,36,33,2,583,79,18.8,459,127.01,0,3,3,37,24,
11,DR Smith (WI),2006-2015,33,32,0,582,72,18.18,474,122.78,0,3,1,62,31,
12,SB Styris (NZ),2005-2010,31,29,2,578,66,21.4,483,119.66,0,1,0,40,25,
13,SPD Smith (AUS),2010-2019,36,28,7,577,90,27.47,448,128.79,0,4,1,53,12,
14,Nizakat Khan (HKG),2014-2019,34,32,0,576,62,18.0,478,120.5,0,2,4,51,19,
15,JA Morkel (SA),2005-2015,50,38,11,572,43,21.18,402,142.28,0,0,1,29,39,
16,MJ Lumb (ENG),2010-2014,27,27,1,552,63,21.23,413,133.65,0,3,1,64,21,
17,Zeeshan Maqsood (OMAN),2015-2019,29,25,4,542,56,25.8,481,112.68,0,2,2,66,12,
18,Babar Hayat (HKG),2014-2017,24,24,4,541,122,27.05,433,124.94,1,2,2,45,20,
19,Karim Sadiq (AFG),2010-2018,36,36,0,538,72,14.94,493,109.12,0,1,4,61,10,
20,RN ten Doeschate (NL),2008-2019,22,22,10,533,59,44.41,400,133.25,0,3,1,27,19,
21,C Kieswetter (ENG),2010-2012,25,25,1,526,63,21.91,470,111.91,0,3,2,47,23,
22,RR Patel (KENYA),2008-2019,30,26,4,526,55,23.9,414,127.05,0,3,1,31,31,
23,Hazratullah Zazai (AFG),2016-2019,13,13,1,519,162*,43.25,319,162.69,1,2,1,46,37,
24,F Behardien (SA),2012-2018,38,30,14,518,64*,32.37,404,128.21,0,1,1,37,16,
25,V Sibanda (ZIM),2007-2016,26,26,1,511,59,20.44,503,101.59,0,1,3,52,11,
26,Noor Ali Zadran (AFG),2010-2017,20,20,1,506,63,26.63,497,101.81,0,3,1,45,6,
27,Nawroz Mangal (AFG),2010-2017,32,32,4,505,65*,18.03,453,111.47,0,2,4,42,19,
28,Imran Nazir (PAK),2007-2012,25,24,1,500,72,21.73,370,135.13,0,3,2,59,22,
29,Liton Das (BDESH),2015-2019,25,25,0,497,61,19.88,360,138.05,0,2,2,44,22,
30,Shafiqullah (AFG),2010-2019,46,42,12,494,51*,16.46,340,145.29,0,1,5,35,31,
31,MJ Clarke (AUS),2005-2010,34,28,5,488,67,21.21,473,103.17,0,1,2,29,10,
32,CJ Anderson (NZ),2012-2018,31,24,4,485,94*,24.25,351,138.17,0,2,3,30,26,
33,G Malla (NEPAL),2014-2019,24,23,0,482,107,20.95,389,123.9,1,1,1,46,21,
34,C de Grandhomme (NZ),2012-2019,33,31,7,479,59,19.95,321,149.22,0,3,3,27,29,
35,TP Visee (NL),2015-2019,27,27,0,478,78,17.7,316,151.26,0,3,4,65,17,
36,MS Chapman (HKG/NZ),2014-2018,24,23,2,475,63*,22.61,416,114.18,0,1,0,38,13,
37,JDP Oram (NZ),2005-2012,36,30,7,474,66*,20.6,339,139.82,0,2,3,38,22,
38,GJ Bailey (AUS/World),2012-2017,30,26,7,473,63,24.89,346,136.7,0,2,1,37,20,
39,BKG Mendis (SL),2016-2019,24,24,0,473,79,19.7,353,133.99,0,5,2,40,21,
40,Gulbadin Naib (AFG),2012-2019,45,37,10,472,56*,17.48,393,120.1,0,1,3,33,22,
41,NJ O'Brien (IRE),2008-2016,30,28,2,466,50,17.92,475,98.1,0,1,0,40,7,
42,AD Russell (WI),2011-2018,47,39,13,465,47,17.88,329,141.33,0,0,6,30,32,
43,PM Seelaar (NL),2008-2019,69,40,11,464,96*,16.0,423,109.69,0,1,1,31,8,
44,JEC Franklin (NZ),2006-2013,38,31,8,463,60,20.13,391,118.41,0,2,2,28,23,
45,CR Ervine (ZIM),2010-2019,22,21,1,461,68*,23.05,454,101.54,0,3,1,43,13,
46,A Vala (PNG),2015-2019,26,24,4,460,68,23.0,427,107.72,0,2,0,39,13,
47,DJ Malan (ENG),2017-2019,9,9,1,458,103*,57.25,293,156.31,1,5,0,47,20,
48,JD Ryder (NZ),2008-2014,22,21,1,457,62,22.85,358,127.65,0,3,2,47,18,
49,RE van der Merwe (NL/SA),2009-2019,43,29,12,454,75*,26.7,345,131.59,0,2,4,36,13,
0,Khawar Ali (OMAN),2015-2019,29,28,0,453,50,16.17,482,93.98,0,1,2,48,12,
1,MD Gunathilaka (SL),2016-2019,21,21,0,452,57,21.52,365,123.83,0,2,0,49,12,
2,Mohammad Ashraful (BDESH),2007-2013,23,23,0,450,65,19.56,356,126.4,0,2,2,48,11,
3,Rameez Shahzad (UAE),2016-2019,22,21,3,449,54,24.94,404,111.13,0,1,2,37,13,
4,Usman Ghani (AFG),2015-2019,19,19,1,445,73,24.72,407,109.33,0,3,0,44,12,
5,Younis Khan (PAK),2006-2010,25,23,3,442,51,22.1,364,121.42,0,2,2,31,12,
6,NR Kumar (CAN),2012-2019,18,16,2,434,83,31.0,336,129.16,0,3,1,34,13,
7,MD Shanaka (SL),2015-2019,35,35,7,434,54,15.5,386,112.43,0,1,7,29,24,
8,N Dickwella (SL),2016-2019,23,22,0,429,68,19.5,309,138.83,0,1,2,57,8,
9,Muhammad Tanveer (QAT),2019-2019,15,15,4,428,57*,38.9,331,129.3,0,4,0,36,22,
10,PL Mommsen (SCOT),2012-2016,24,19,7,419,68*,34.91,329,127.35,0,2,1,32,11,
11,Syed Aziz (MAL),2019-2019,14,14,2,415,87,34.58,297,139.73,0,4,2,43,16,
12,RR Pant (INDIA),2017-2019,26,24,4,409,65*,20.45,336,121.72,0,2,3,28,18,
13,Aqib Ilyas (OMAN),2015-2019,22,22,4,408,60,22.66,356,114.6,0,2,1,47,7,
14,TH David (SGP),2019-2019,12,12,1,408,77,37.09,274,148.9,0,2,0,36,17,
15,MG Erasmus (NAM),2019-2019,16,14,3,407,72,37.0,293,138.9,0,4,0,33,20,
16,MW Machan (SCOT),2013-2016,13,13,3,407,67*,40.7,318,127.98,0,3,0,37,7,
17,WU Tharanga (SL),2006-2018,26,26,1,407,47,16.28,330,123.33,0,0,3,42,12,
18,Sikandar Raza (ZIM),2013-2019,32,30,0,406,59,13.53,384,105.72,0,1,0,34,8,
19,EC Joyce (ENG/IRE),2006-2014,18,15,3,405,78*,33.75,431,93.96,0,1,0,30,5,
20,TLW Cooper (NL),2012-2016,18,17,3,404,72*,28.85,306,132.02,0,2,2,38,16,
21,BJ Haddin (AUS),2006-2014,34,29,6,402,47,17.47,351,114.52,0,0,2,30,13,
22,RT Ponting (AUS),2005-2009,17,16,2,401,98*,28.64,302,132.78,0,2,2,41,11,
23,HH Gibbs (SA),2005-2010,23,23,1,400,90*,18.18,318,125.78,0,3,4,45,12,
24,KD Karthik (ICC/INDIA),2006-2019,32,26,14,399,48,33.25,278,143.52,0,0,2,42,15,
25,V Sehwag (INDIA),2006-2012,19,18,0,394,68,21.88,271,145.38,0,2,1,43,16,
26,Abdul Razzaq (PAK),2006-2013,32,29,10,393,46*,20.68,337,116.61,0,0,2,21,21,
27,Rizwan Cheema (CAN),2008-2019,24,24,2,389,72,17.68,314,123.88,0,2,5,33,28,
28,SJ Baard (NAM),2019-2019,13,13,2,387,92,35.18,305,126.88,0,4,1,32,13,
29,AA Obanda (KENYA),2007-2019,30,28,2,381,79,14.65,362,105.24,0,1,5,49,7,
30,CJA Amini (PNG),2015-2019,23,18,4,377,60,26.92,324,116.35,0,2,2,16,13,
31,Mashrafe Mortaza (BDESH),2006-2017,54,39,11,377,36,13.46,277,136.1,0,0,6,28,23,
32,AM Rahane (INDIA),2011-2016,20,20,2,375,61,20.83,331,113.29,0,1,2,32,6,
33,J Rasu (VAN),2019-2019,13,13,0,374,74,28.76,338,110.65,0,2,0,27,16,
34,Hussain Talat (PAK),2018-2019,14,14,1,371,63,28.53,309,120.06,0,2,1,35,5,
35,Nasir Hossain (BDESH),2011-2016,31,24,4,370,50*,18.5,326,113.49,0,2,2,30,7,
36,JW Jenner (JER),2019-2019,17,17,2,365,71,24.33,299,122.07,0,3,2,24,14,
37,PJ Moor (ZIM),2016-2019,21,19,4,364,92*,24.26,286,127.27,0,1,0,22,24,
38,Nasir Jamshed (PAK),2012-2013,18,18,1,363,56,21.35,320,113.43,0,2,1,34,12,
39,NS Dhaliwal (CAN),2019-2019,12,11,2,361,69,40.11,291,124.05,0,3,0,22,16,
40,Sharjeel Khan (PAK),2013-2016,15,15,0,360,59,24.0,262,137.4,0,2,0,48,13,
41,L Ronchi (AUS/ICC/NZ),2008-2018,33,26,6,359,51*,17.95,256,140.23,0,1,5,30,14,
42,R Sandaruwan (KUW),2019-2019,10,10,1,358,103,39.77,216,165.74,1,2,2,29,24,
43,S Bau (PNG),2016-2019,23,17,3,356,40*,25.42,338,105.32,0,0,1,21,11,
44,Anamul Haque (BDESH),2012-2015,13,13,2,355,58,32.27,301,117.94,0,1,1,38,12,
45,KD Shah (HKG),2014-2019,26,22,3,351,79,18.47,340,103.23,0,2,3,26,10,
46,SW Billings (ENG/ICC),2015-2019,26,23,3,348,87,17.4,255,136.47,0,2,1,33,11,
47,S Chandramohan (SGP),2019-2019,12,12,1,348,66,31.63,292,119.17,0,3,3,33,15,
48,OA Shah (ENG),2007-2009,17,15,1,347,55*,24.78,284,122.18,0,1,0,26,13,
49,SO Tikolo (KENYA),2007-2013,15,15,3,345,56*,28.75,281,122.77,0,2,3,46,6,
0,S Chanderpaul (WI),2006-2010,22,22,5,343,41,20.17,347,98.84,0,0,0,34,5,
1,DM Bravo (WI),2010-2019,20,18,1,340,43*,20.0,317,107.25,0,0,3,28,13,
2,JM Vince (ENG),2015-2019,12,12,0,340,59,28.33,275,123.63,0,1,0,34,9,
3,A Symonds (AUS),2005-2009,14,11,4,337,85*,48.14,199,169.34,0,2,2,33,10,
4,N Davin (NAM),2019-2019,16,16,1,335,54,22.33,216,155.09,0,1,1,33,15,
5,SA Edwards (NL),2018-2019,29,22,8,334,42*,23.85,229,145.85,0,0,1,33,6,
6,Asif Ali (PAK),2018-2019,25,24,6,331,41*,18.38,258,128.29,0,0,1,15,19,
7,Faisal Javed (QAT),2019-2019,15,15,0,330,61,22.0,212,155.66,0,2,1,45,11,
8,SR Thompson (IRE),2014-2019,41,30,8,328,56,14.9,254,129.13,0,1,1,23,14,
9,RJ Nicol (NZ),2010-2013,21,19,0,327,58,17.21,296,110.47,0,2,2,33,11,
10,RR Rossouw (SA),2014-2016,15,14,3,327,78,29.72,237,137.97,0,2,2,29,12,
11,Aamir Kaleem (OMAN),2015-2019,25,22,4,325,46*,18.05,306,106.2,0,0,4,26,9,
12,LE Bosman (SA),2006-2010,14,14,1,323,94,24.84,219,147.48,0,3,2,27,20,
13,Anshuman Rath (HKG),2015-2017,20,19,2,321,44,18.88,344,93.31,0,0,1,31,2,
14,N Vanua (PNG),2015-2019,25,22,8,321,54,22.92,211,152.13,0,1,4,12,23,
15,TM Head (AUS),2016-2018,16,15,3,319,48*,26.58,245,130.2,0,0,0,19,10,
16,TL Seifert (NZ),2018-2019,19,18,1,316,84,18.58,228,138.59,0,1,2,22,21,
17,BDH Stevens (JER),2019-2019,17,17,1,316,44,19.75,315,100.31,0,0,1,30,6,
18,GJ Delany (IRE),2019-2019,17,15,3,314,89*,26.16,206,152.42,0,2,0,28,12,
19,N Nipiko (VAN),2019-2019,14,14,2,312,62,26.0,297,105.05,0,2,1,16,13,
20,N Pooran (WI),2016-2019,16,16,3,312,58,24.0,247,126.31,0,2,1,24,17,
21,R Powell (WI),2017-2019,23,18,3,311,54,20.73,250,124.4,0,2,1,26,13,
22,Virandeep Singh (MAL),2019-2019,12,12,0,311,57,25.91,309,100.64,0,1,1,27,7,
23,CR Brathwaite (WI),2011-2019,41,27,6,310,37*,14.76,274,113.13,0,0,3,13,22,
24,HH Pandya (INDIA),2016-2019,40,25,6,310,33*,16.31,210,147.61,0,0,2,18,19,
25,S Vesawkar (NEPAL),2014-2019,17,16,3,310,40,23.84,313,99.04,0,0,0,25,7,
26,ML Hayden (AUS),2005-2007,9,9,3,308,73*,51.33,214,143.92,0,4,0,37,13,
27,NJ Ferraby (JER),2019-2019,14,14,1,303,81*,23.3,257,117.89,0,1,2,38,2,
28,Tamoor Sajjad (QAT),2019-2019,12,11,2,301,68,33.44,216,139.35,0,1,1,24,14,
29,NL McCullum (NZ),2007-2016,63,41,15,299,36*,11.5,297,100.67,0,0,4,19,8,
30,RR Sarwan (WI),2007-2010,18,16,3,298,59,22.92,286,104.19,0,2,1,19,6,
31,L Siaka (PNG),2015-2019,26,22,2,296,39,14.8,271,109.22,0,0,4,26,7,
32,Kamran Khan (QAT),2019-2019,14,14,1,295,52,22.69,220,134.09,0,2,0,26,17,
33,R Mutumbami (ZIM),2015-2019,22,19,4,294,54,19.6,251,117.13,0,1,1,19,15,
34,B Bhandari (NEPAL),2014-2019,27,23,6,292,58*,17.17,262,111.45,0,2,1,23,12,
35,CA Lynn (AUS),2014-2018,18,16,1,291,44,19.4,221,131.67,0,0,1,28,14,
36,HDRL Thirimanne (SL),2012-2016,26,20,2,291,44,16.16,267,108.98,0,0,1,27,5,
37,AN Kervezee (NL),2009-2012,10,10,1,289,58*,32.11,262,110.3,0,2,0,19,6,
38,DS Airee (NEPAL),2018-2019,18,16,2,287,47*,20.5,260,110.38,0,0,0,22,6,
39,IA Karim (KENYA),2013-2019,16,16,3,286,71*,22.0,299,95.65,0,2,2,30,2,
40,A Bagai (CAN),2008-2013,9,9,2,284,67*,40.57,249,114.05,0,2,0,27,0,
41,Mohammad Shahzad (UAE),2015-2017,20,20,2,281,52,15.61,239,117.57,0,1,2,25,11,
42,TC Bruce (NZ),2017-2019,15,15,2,279,59*,21.46,222,125.67,0,2,0,24,7,
43,SO Hetmyer (WI),2018-2019,20,18,1,279,56,16.41,223,125.11,0,1,2,19,17,
44,TAM Siriwardana (SL),2015-2017,22,19,3,275,42,17.18,208,132.21,0,0,4,16,12,
45,AC Gilchrist (AUS),2005-2008,13,13,1,272,48,22.66,192,141.66,0,0,0,27,13,
46,Amjad Javed (UAE),2014-2017,22,18,3,271,76,18.06,242,111.98,0,1,1,17,15,
47,MV Boucher (SA),2005-2010,25,21,6,268,36*,17.86,275,97.45,0,0,0,22,2,
48,Ravinderpal Singh (CAN),2019-2019,12,10,2,266,101,33.25,177,150.28,1,1,1,13,19,
49,PK Matautaava (VAN),2019-2019,10,10,0,265,103,26.5,156,169.87,1,1,2,19,20,
0,SR Taylor (USA),2019-2019,8,8,1,265,72,37.85,207,128.01,0,2,1,28,10,
1,MJ Santner (NZ),2015-2019,39,27,10,263,37,15.47,205,128.29,0,0,3,22,7,
2,Imad Wasim (PAK),2015-2019,41,29,9,261,47,13.05,180,145.0,0,0,6,28,7,
3,DMW Rawlins (BMUDA),2019-2019,11,11,0,261,63,23.72,201,129.85,0,1,1,23,15,
4,Adnan Idrees (KUW),2019-2019,6,6,0,259,80,43.16,157,164.96,0,3,0,35,9,
5,T Taibu (ZIM),2007-2012,17,15,6,259,45*,28.77,257,100.77,0,0,2,19,2,
6,Adnan Ilyas (OMAN),2015-2016,12,11,0,258,54,23.45,218,118.34,0,1,0,16,8,
7,Najeeb Tarakai (AFG),2014-2019,12,12,0,258,90,21.5,210,122.85,0,1,1,21,13,
8,DM de Silva (SL),2015-2019,13,13,0,257,62,19.76,252,101.98,0,1,0,18,4,
9,Manpreet Singh (SGP),2019-2019,12,12,1,255,42,23.18,222,114.86,0,0,0,15,5,
10,SE Marsh (AUS),2008-2016,15,15,1,255,47*,18.21,248,102.82,0,0,2,15,10,
11,RP Burl (ZIM),2018-2019,16,13,3,254,57*,25.4,221,114.93,0,1,0,16,10,
12,HE van der Dussen (SA),2018-2019,9,8,0,254,64,31.75,192,132.29,0,2,1,14,12,
13,Waqas Barkat (HKG),2014-2019,22,20,2,254,37,14.11,286,88.81,0,0,2,20,0,
14,SF Mire (ZIM),2018-2019,9,8,0,253,94,31.62,196,129.08,0,2,0,23,13,
15,GH Dockrell (IRE),2010-2019,73,33,14,251,34*,13.21,207,121.25,0,0,4,14,7,
16,DT Johnston (IRE),2008-2013,30,19,7,249,62,20.75,184,135.32,0,1,1,13,11,
17,RV Uthappa (INDIA),2007-2015,13,12,2,249,50,24.9,211,118.0,0,1,1,26,6,
18,CG Williams (NAM),2019-2019,13,12,3,249,68*,27.66,210,118.57,0,1,1,15,10,
19,JP Kotze (NAM),2019-2019,12,12,1,245,101*,22.27,193,126.94,1,0,1,21,13,
20,Mohamed Rishwan (Mald),2019-2019,11,10,0,245,67,24.5,245,100.0,0,2,0,22,10,
21,CN Ackermann (NL),2019-2019,11,11,3,243,43*,30.37,196,123.97,0,0,0,18,5,
22,Muhammad Kashif (KUW),2019-2019,10,9,4,242,53,48.4,215,112.55,0,2,0,14,13,
23,UT Khawaja (AUS),2016-2016,9,9,0,241,58,26.77,182,132.41,0,1,0,31,5,
24,MA Leask (SCOT),2013-2019,31,22,2,240,58,12.0,199,120.6,0,1,2,16,12,
25,SW Poynter (IRE),2015-2019,25,21,6,240,39,16.0,213,112.67,0,0,0,22,6,
26,Aizaz Khan (HKG),2014-2019,30,27,7,239,31,11.95,234,102.13,0,0,4,19,4,
27,MS Wade (AUS),2011-2016,26,17,5,239,72,19.91,218,109.63,0,1,0,11,9,
28,Ashfaq Ahmed (UAE),2018-2019,12,12,0,238,75,19.83,185,128.64,0,3,2,32,6,
29,SD Hope (WI),2017-2019,13,11,0,238,55,21.63,175,136.0,0,2,1,24,10,
30,J Mubarak (SL),2007-2009,16,15,4,238,46*,21.63,188,126.59,0,0,2,21,8,
31,Khalid Latif (PAK),2008-2016,13,13,2,237,59*,21.54,229,103.49,0,1,1,25,6,
32,RE Levi (SA),2012-2012,13,13,2,236,117*,21.45,167,141.31,1,1,3,20,15,
33,YK Pathan (INDIA),2007-2012,22,18,5,236,37*,18.15,161,146.58,0,0,3,11,17,
34,MM Ali (ENG),2014-2018,25,22,6,235,72*,14.68,198,118.68,0,1,6,21,9,
35,F Damiao Couana (Moz),2019-2019,7,7,1,233,71*,38.83,179,130.16,0,1,0,16,14,
36,ES Szwarczynski (NL),2008-2013,14,12,1,233,45,21.18,243,95.88,0,0,0,22,2,
37,HT Tector (IRE),2019-2019,14,12,3,233,60,25.88,176,132.38,0,1,0,20,5,
38,BA Stokes (ENG),2011-2018,23,20,5,232,38,15.46,178,130.33,0,0,1,20,9,
39,H Gori (CZK-R),2019-2019,7,7,0,231,66,33.0,176,131.25,0,1,0,23,12,
40,JF Mooney (IRE),2009-2015,27,23,9,231,31*,16.5,214,107.94,0,0,0,25,1,
41,AR Cusack (IRE),2008-2015,37,21,6,229,65,15.26,177,129.37,0,1,1,17,6,
42,Mohammed Rizlan (QAT),2019-2019,15,12,5,229,38*,32.71,218,105.04,0,0,0,14,10,
43,Aftab Ahmed (BDESH),2006-2010,11,11,1,228,62*,22.8,178,128.08,0,1,0,26,6,
44,T Mishra (KENYA),2007-2013,15,15,0,227,38,15.13,263,86.31,0,0,2,15,4,
45,Rahmanullah Gurbaz (AFG),2019-2019,7,7,0,227,79,32.42,164,138.41,0,2,2,19,13,
46,C Bisson (JER),2019-2019,14,14,2,226,54,18.83,177,127.68,0,1,3,24,5,
47,SS Iyer (INDIA),2017-2019,14,13,3,226,62,22.6,178,126.96,0,1,1,18,9,
48,I Udana (SL),2009-2019,27,19,9,226,84*,22.6,152,148.68,0,1,2,15,13,
49,DAS Gunaratne (SL),2016-2017,12,12,3,225,84*,25.0,178,126.4,0,2,2,19,6,
0,Inam-ul-Haq (QAT),2019-2019,11,11,2,225,73*,25.0,205,109.75,0,1,1,28,2,
1,GSNFG Jayasuriya (SL),2015-2019,16,14,0,225,40,16.07,203,110.83,0,0,0,17,8,
2,Shafiq Sharif (MAL),2019-2019,10,10,0,225,53,22.5,171,131.57,0,1,2,32,5,
3,MN van Wyk (SA),2007-2015,8,7,1,225,114*,37.5,157,143.31,1,1,0,19,14,
4,CAK Walton (WI),2014-2018,19,17,0,225,40,13.23,203,110.83,0,0,5,23,11,
5,DG Blampied (JER),2019-2019,17,15,6,221,43*,24.55,222,99.54,0,0,1,14,0,
6,Sohaib Maqsood (PAK),2013-2016,20,18,2,221,37,13.81,201,109.95,0,0,2,15,8,
7,H Patel (CAN),2010-2013,11,11,1,220,88*,22.0,218,100.91,0,1,2,19,2,
8,TG Southee (NZ),2008-2019,66,30,12,220,39,12.22,150,146.66,0,0,4,14,15,
9,AD Poynter (IRE),2012-2016,19,14,3,219,57,19.9,184,119.02,0,1,1,21,8,
10,Tanwir Afzal (HKG),2014-2016,21,18,2,219,56,13.68,173,126.58,0,1,4,9,15,
11,TT Bresnan (ENG),2006-2014,34,22,9,216,47*,16.61,170,127.05,0,0,3,16,6,
12,CJ Jordan (ENG),2014-2019,43,25,11,216,36,15.42,166,130.12,0,0,2,16,11,
13,DO Obuya (KENYA),2007-2012,10,10,2,216,65*,27.0,228,94.73,0,2,1,22,4,
14,MJG Rippon (NL),2013-2018,18,11,4,216,42,30.85,192,112.5,0,0,2,15,3,
15,KMDN Kulasekara (SL),2008-2017,58,30,9,215,31,10.23,184,116.84,0,0,4,14,7,
16,EMDY Munaweera (SL),2012-2017,13,13,1,215,53,17.91,164,131.09,0,1,1,25,7,
17,B Ward (JER),2019-2019,13,12,3,215,58*,23.88,160,134.37,0,1,1,8,15,
18,S Prasanna (SL),2013-2017,20,20,6,214,37*,15.28,161,132.91,0,0,0,13,13,
19,S Wickramasekara (CZK-R),2019-2019,5,5,2,214,104*,71.33,104,205.76,1,1,0,17,19,
20,RG Aga (KENYA),2008-2013,20,18,2,213,52*,13.31,196,108.67,0,1,0,15,5,
21,Haroon Arshad (HKG),2019-2019,10,10,3,211,68,30.14,154,137.01,0,1,0,15,7,
22,Haris Sohail (PAK),2013-2019,14,13,2,210,52,19.09,204,102.94,0,2,1,16,3,
23,CA Ingram (SA),2010-2012,9,9,1,210,78,26.25,162,129.62,0,1,1,23,7,
24,Khurram Nawaz (OMAN),2017-2019,18,13,3,210,58,21.0,179,117.31,0,1,0,11,10,
25,Bilal Zalmai (Aut),2019-2019,5,4,1,208,111*,69.33,109,190.82,1,0,0,16,16,
26,Ghulam Shabber (UAE),2016-2019,17,14,3,208,58*,18.9,182,114.28,0,1,0,24,4,
27,BBJL Perera (ITA),2019-2019,8,7,1,208,67,34.66,144,144.44,0,1,0,23,8,
28,BMAJ Mendis (SL),2011-2018,22,15,4,207,43*,18.81,174,118.96,0,0,1,18,6,
29,JJ Smit (NAM),2019-2019,12,10,2,206,59,25.75,128,160.93,0,1,0,10,14,
30,DL Vettori (NZ),2007-2014,34,22,6,205,38,12.81,190,107.89,0,0,3,14,2,
31,JM Kemp (SA),2005-2007,8,7,3,203,89*,50.75,160,126.87,0,1,0,17,10,
32,DS Smith (WI),2007-2009,6,6,0,203,61,33.83,161,126.08,0,2,0,22,5,
33,Ahmed Faiz (MAL),2019-2019,10,10,1,202,45,22.44,179,112.84,0,0,0,14,6,
34,JJ Atkinson (HKG),2014-2016,13,12,0,202,53,16.83,187,108.02,0,1,3,22,6,
35,R Gunasekera (CAN),2012-2013,8,8,0,202,65,25.25,188,107.44,0,1,0,23,4,
36,J Botha (SA),2006-2012,40,20,9,201,34,18.27,165,121.81,0,0,1,15,9,
37,J Butler (GUE),2019-2019,9,8,1,201,65*,28.71,214,93.92,0,1,0,20,1,
38,KS Leverock (BMUDA),2019-2019,12,12,2,201,43*,20.1,165,121.81,0,0,3,16,11,
39,DM Gondaria (KENYA),2013-2019,11,9,2,199,85*,28.42,157,126.75,0,1,0,12,6,
40,R Panchal (ESP),2019-2019,9,8,3,199,71*,39.8,185,107.56,0,1,0,9,7,
41,Sompal Kami (NEPAL),2014-2019,28,19,6,198,40,15.23,176,112.5,0,0,1,15,7,
42,Sohail Tanvir (PAK),2007-2017,57,25,8,196,41,11.52,164,119.51,0,0,2,16,9,
43,Yasir Ali (ESP),2019-2019,9,9,3,196,57,32.66,183,107.1,0,1,1,11,9,
44,Aarif Sheikh (NEPAL),2018-2019,11,10,2,194,39*,24.25,181,107.18,0,0,0,18,4,
45,Fawad Alam (PAK),2007-2010,24,17,6,194,28,17.63,169,114.79,0,0,1,7,7,
46,Asad Shafiq (PAK),2010-2012,10,10,0,192,38,19.2,185,103.78,0,0,0,19,2,
47,S Davizi (CZK-R),2019-2019,2,2,0,192,101,96.0,133,144.36,1,1,0,14,10,
48,Mukhtar Ahmed (PAK),2015-2015,6,6,0,192,83,32.0,134,143.28,0,2,0,23,5,
49,R Rohan (SGP),2019-2019,10,10,0,191,49,19.1,156,122.43,0,0,1,23,6,
0,Ahmed Hassan (Mald),2019-2019,11,10,0,189,53,18.9,192,98.43,0,1,0,18,2,
1,SR Patel (ENG),2011-2013,18,14,2,189,67,15.75,173,109.24,0,1,2,17,5,
2,IR Bell (ENG),2006-2014,8,8,1,188,60*,26.85,163,115.33,0,1,0,23,2,
3,CD McMillan (NZ),2005-2007,8,7,1,187,57,31.16,117,159.82,0,1,0,8,14,
4,SP Patil (UAE),2014-2016,18,13,0,187,37,14.38,218,85.77,0,0,3,16,4,
5,JDS Neesham (NZ),2012-2019,18,15,4,185,42,16.81,131,141.22,0,0,1,19,8,
6,Umar Adam (Mald),2019-2019,11,10,1,185,53,20.55,149,124.16,0,1,1,19,6,
7,BJ Hodge (AUS),2007-2014,15,11,4,183,36,26.14,144,127.08,0,0,0,9,7,
8,XM Marshall (USA/WI),2008-2019,13,13,0,183,36,14.07,185,98.91,0,0,2,13,6,
9,Mosaddek Hossain (BDESH),2016-2019,14,13,4,183,34*,20.33,173,105.78,0,0,1,10,5,
10,Mohammad Rizwan (PAK),2015-2019,16,13,2,180,33*,16.36,184,97.82,0,0,1,14,2,
11,C Tommy (VAN),2019-2019,12,11,0,180,47,16.36,191,94.24,0,0,2,6,8,
12,CAJ Meschede (GER),2019-2019,5,5,1,179,67,44.75,115,155.65,0,1,1,9,14,
13,Nazimuddin (BDESH),2007-2008,7,7,0,178,81,25.42,158,112.65,0,1,2,13,10,
14,Kaleem Shah (Moz),2019-2019,7,7,1,176,72*,29.33,170,103.52,0,1,1,21,4,
15,Mohammad Naveed (UAE),2015-2019,31,24,10,176,27*,12.57,147,119.72,0,0,3,17,8,
16,MR Marsh (AUS),2011-2018,11,11,3,175,36,21.87,151,115.89,0,0,0,7,9,
17,LPC Silva (SL),2006-2011,16,15,2,175,38,13.46,177,98.87,0,0,0,19,3,
18,NN Odhiambo (KENYA),2007-2013,24,20,2,174,41,9.66,177,98.3,0,0,3,17,4,
19,L Vincent (NZ),2006-2007,9,9,0,174,42,19.33,174,100.0,0,0,1,17,3,
20,Karan KC (NEPAL),2015-2019,25,16,5,173,40*,15.72,126,137.3,0,0,2,9,12,
21,Nouman Sarwar (QAT),2019-2019,14,9,6,172,47*,57.33,128,134.37,0,0,1,16,6,
22,IK Pathan (INDIA),2006-2012,24,14,7,172,33*,24.57,144,119.44,0,0,0,9,7,
23,HAM Shah (DEN),2019-2019,9,8,0,172,40,21.5,168,102.38,0,0,0,18,2,
24,GD Elliott (NZ/World),2009-2017,17,15,4,171,27,15.54,157,108.91,0,0,0,12,2,
25,Simi Singh (IRE),2018-2019,18,17,2,169,57*,11.26,144,117.36,0,1,5,12,6,
26,M Vijay (INDIA),2010-2015,9,9,0,169,48,18.77,154,109.74,0,0,1,13,8,
27,ME Trescothick (ENG),2005-2006,3,3,0,166,72,55.33,131,126.71,0,2,0,23,1,
28,DJ Willey (ENG),2015-2019,28,19,7,166,29*,13.83,126,131.74,0,0,1,8,10,
29,Umar Gul (PAK),2007-2016,60,27,9,165,32,9.16,156,105.76,0,0,6,11,10,
30,Tarun Sharma (Mex),2019-2019,8,8,1,164,49*,23.42,160,102.5,0,0,1,12,6,
31,TN de Grooth (NL),2008-2013,15,13,5,163,49,20.37,155,105.16,0,0,0,16,1,
32,RA Jadeja (INDIA),2009-2019,46,22,8,163,25,11.64,165,98.78,0,0,2,7,4,
33,TWM Latham (NZ),2012-2017,13,10,0,163,39,16.3,157,103.82,0,0,0,12,2,
34,PD Hennessy (ESP),2019-2019,8,7,0,162,71,23.14,132,122.72,0,1,1,11,7,
35,H Davids (SA),2012-2013,9,9,0,161,68,17.88,134,120.14,0,2,2,18,4,
36,NMS Param (SGP),2019-2019,8,7,2,160,72*,32.0,118,135.59,0,1,0,12,6,
37,RW Chakabva (ZIM),2008-2019,12,12,1,159,48,14.45,134,118.65,0,0,4,12,7,
38,JP Faulkner (AUS),2012-2017,24,18,7,159,41*,14.45,138,115.21,0,0,0,7,5,
39,MC Henriques (AUS),2009-2017,11,8,3,159,62*,31.8,122,130.32,0,2,0,8,7,
40,Junaid Siddique (BDESH),2007-2012,7,7,0,159,71,22.71,108,147.22,0,1,1,16,7,
41,A Mansale (VAN),2019-2019,14,14,0,159,38,11.35,151,105.29,0,0,4,14,5,
42,Mohamed Arief (MAL),2019-2019,5,5,1,159,52*,39.75,114,139.47,0,1,0,18,4,
43,RR Watson (SCOT),2007-2010,10,9,0,159,54,17.66,141,112.76,0,1,1,22,1,
44,JL Ontong (SA),2008-2015,14,10,0,158,48,15.8,109,144.95,0,0,1,6,11,
45,Mudassar Bukhari (NL),2008-2016,38,26,8,157,28*,8.72,152,103.28,0,0,1,10,4,
46,HL Carlyon (JER),2019-2019,9,8,0,156,50,19.5,131,119.08,0,1,1,21,3,
47,H Klaasen (SA),2018-2019,9,9,2,156,69,22.28,107,145.79,0,1,0,8,11,
48,SP Narine (WI),2012-2019,51,23,8,155,30,10.33,138,112.31,0,0,2,13,5,
49,NA Greenwood (JER),2019-2019,8,8,0,154,43,19.25,128,120.31,0,0,1,15,2,
0,MR Adair (IRE),2019-2019,17,14,4,152,38,15.2,118,128.81,0,0,1,8,7,
1,NG Collins (Fin),2019-2019,5,5,0,151,56,30.2,164,92.07,0,2,0,10,0,
2,HD Rutherford (NZ),2013-2019,8,7,0,151,62,21.57,105,143.8,0,1,1,12,9,
3,NM Coulter-Nile (AUS),2013-2019,28,15,4,150,34,13.63,120,125.0,0,0,3,10,10,
4,Iftikhar Ahmed (PAK),2016-2019,6,6,4,150,62*,75.0,104,144.23,0,1,0,14,4,
5,Rashid Khan (AFG/ICC),2015-2019,45,22,11,149,33,13.54,124,120.16,0,0,4,9,9,
6,VB Chikkannaiah (GER),2019-2019,7,7,1,148,70*,24.66,167,88.62,0,1,0,10,2,
7,WIA Fernando (SL),2019-2019,10,10,0,148,37,14.8,156,94.87,0,0,1,9,3,
8,O Bascome (BMUDA),2019-2019,11,11,0,147,37,13.36,147,100.0,0,0,1,12,8,
9,CD Wallace (SCOT),2012-2019,19,14,6,146,27,18.25,122,119.67,0,0,1,14,2,
10,Karim Janat (AFG),2016-2019,21,13,2,145,26,13.18,140,103.57,0,0,2,11,6,
11,Wahab Riaz (PAK),2008-2019,31,17,6,145,30*,13.18,118,122.88,0,0,2,10,6,
12,M Klinger (AUS),2017-2017,3,3,0,143,62,47.66,112,127.67,0,1,0,12,2,
13,Mohammad Naim (BDESH),2019-2019,3,3,0,143,81,47.66,107,133.64,0,1,0,17,3,
14,Ehsan Khan (HKG),2016-2019,15,10,6,142,42*,35.5,128,110.93,0,0,0,9,7,
15,KMA Paul (WI),2018-2019,18,12,5,142,29,20.28,123,115.44,0,0,0,8,8,
16,Umar Amin (PAK),2013-2018,14,9,0,142,47,15.77,123,115.44,0,0,3,15,4,
17,Faran Afzal (ESP),2019-2019,9,8,1,141,59*,20.14,140,100.71,0,1,0,11,6,
18,Sarfaraz Ali (BAH),2019-2019,4,4,0,141,59,35.25,87,162.06,0,1,0,17,8,
19,S Periyalwar (ROM),2019-2019,4,4,2,140,105*,70.0,91,153.84,1,0,1,15,6,
20,GD Phillips (NZ),2017-2018,11,10,1,140,56,15.55,140,100.0,0,1,0,9,5,
21,S Pokhriyal (CZK-R),2019-2019,5,4,0,140,79,35.0,131,106.87,0,1,0,23,2,
22,Riazat Ali Shah (UGA),2019-2019,4,4,2,140,53*,70.0,108,129.62,0,1,0,8,8,
23,AC Voges (AUS),2007-2013,7,5,2,139,51,46.33,114,121.92,0,1,0,8,2,
24,AC Douglas (BMUDA),2019-2019,10,9,1,138,47*,17.25,131,105.34,0,0,0,10,8,
25,LB Ferbrache (GUE),2019-2019,9,8,0,138,55,17.25,142,97.18,0,1,0,6,3,
26,IJL Trott (ENG),2007-2010,7,7,1,138,51,23.0,144,95.83,0,1,0,9,3,
27,KD Mills (NZ),2005-2014,42,19,7,137,33*,11.41,123,111.38,0,0,4,11,5,
28,HH Patel (MWI),2019-2019,7,6,1,137,44*,27.4,104,131.73,0,0,0,17,3,
29,R Tari (VAN),2019-2019,14,14,5,137,28,15.22,117,117.09,0,0,2,6,5,
30,DF Watts (SCOT),2007-2012,11,9,0,137,46,15.22,127,107.87,0,0,2,13,3,
31,AR White (IRE),2008-2012,18,12,6,137,29,22.83,128,107.03,0,0,0,12,2,
32,Yusuf Ebrahim (PNM),2019-2019,3,3,1,137,72,68.5,97,141.23,0,1,0,14,5,
33,MP Stoinis (AUS),2015-2019,19,14,5,136,33*,15.11,117,116.23,0,0,1,14,2,
34,Faisal Khan (Saudi),2019-2019,4,4,1,134,83*,44.66,56,239.28,0,1,1,13,10,
35,N Pathan (THAI),2019-2019,4,4,1,134,54*,44.66,106,126.41,0,1,0,8,7,
36,Faheem Ashraf (PAK),2017-2019,27,18,6,133,21,11.08,110,120.9,0,0,4,7,8,
37,CH Morris (SA),2012-2019,23,13,4,133,55*,14.77,102,130.39,0,1,3,12,5,
38,Awais Ahmed (ESP),2019-2019,9,4,2,131,102*,65.5,101,129.7,1,0,0,6,6,
39,GEF Barnett (CAN),2008-2010,5,5,1,131,36,32.75,136,96.32,0,0,0,16,0,
40,PBB Rajapaksa (SL),2019-2019,5,5,1,131,77,32.75,95,137.89,0,1,0,7,9,
41,AC Botha (IRE),2008-2010,14,11,1,130,38,13.0,141,92.19,0,0,2,12,1,
42,DDP D'Silva (UAE),2019-2019,10,8,4,130,29,32.5,146,89.04,0,0,1,9,0,
43,SS McKechnie (HKG),2019-2019,10,10,3,130,44,18.57,137,94.89,0,0,1,9,1,
44,Naeem Islam (BDESH),2008-2013,10,10,1,130,28,14.44,114,114.03,0,0,0,8,7,
45,CT Mutombodzi (ZIM),2013-2019,13,12,3,129,32,14.33,133,96.99,0,0,2,9,2,
46,SL Malinga (SL),2006-2019,79,30,12,128,27,7.11,153,83.66,0,0,6,9,4,
47,Mirwais Ashraf (AFG),2010-2016,25,19,8,128,28*,11.63,115,111.3,0,0,2,5,8,
48,HR Walsh (USA/WI),2019-2019,13,9,1,128,28,16.0,129,99.22,0,0,0,8,3,
49,CK Coventry (ZIM),2010-2015,13,12,2,127,30,12.7,90,141.11,0,0,2,14,6,
0,PG Fulton (NZ),2006-2012,12,12,1,127,25,11.54,140,90.71,0,0,2,7,6,
1,MA Ouma (KENYA),2007-2013,22,19,1,127,19,7.05,160,79.37,0,0,3,15,1,
2,MJ Prior (ENG),2007-2010,10,8,2,127,32,21.16,100,127.0,0,0,1,11,5,
3,MWR Stokes (GUE),2019-2019,9,7,0,127,29,18.14,152,83.55,0,0,0,10,0,
4,Najjam Shahzad (PORT),2019-2019,4,3,2,126,53*,126.0,97,129.89,0,1,0,4,10,
5,AJ Redmond (NZ),2009-2010,7,6,0,126,63,21.0,84,150.0,0,1,0,19,2,
6,JT Smuts (SA),2017-2018,8,8,0,126,45,15.75,114,110.52,0,0,1,14,5,
7,AT Carey (AUS),2018-2019,25,13,4,125,37*,13.88,101,123.76,0,0,0,10,4,
8,Amir Mangal (GER),2019-2019,9,9,3,124,40,20.66,78,158.97,0,0,0,10,8,
9,Mohammed Asghar (KUW),2019-2019,4,4,0,124,45,31.0,91,136.26,0,0,0,13,5,
10,S Muniandy (MAL),2019-2019,15,13,4,124,27,13.77,103,120.38,0,0,2,7,7,
11,BA Pai (GIBR),2019-2019,4,4,0,124,52,31.0,141,87.94,0,1,0,6,1,
12,RJ Peterson (SA),2006-2014,21,12,4,124,34,15.5,113,109.73,0,0,1,13,2,
13,R Ashwin (INDIA),2010-2017,46,11,7,123,31*,30.75,115,106.95,0,0,0,14,1,
14,AD Mascarenhas (ENG),2007-2009,14,13,5,123,31,15.37,100,123.0,0,0,3,8,5,
15,SM Sharif (SCOT),2012-2019,42,18,9,123,26,13.66,100,123.0,0,0,2,8,3,
16,AW Hawkins-Kay (JER),2019-2019,16,13,5,122,27*,15.25,136,89.7,0,0,1,8,0,
17,KM Jadhav (INDIA),2015-2017,9,6,0,122,58,20.33,99,123.23,0,1,0,12,3,
18,Muhamad Syahadat (MAL),2019-2019,10,9,3,122,41*,20.33,102,119.6,0,0,0,9,6,
19,CN Onwuzulike (NGA),2019-2019,9,9,1,122,46*,15.25,126,96.82,0,0,2,5,5,
20,Shadab Khan (PAK),2017-2019,38,14,5,122,29,13.55,96,127.08,0,0,2,6,6,
21,DAJ Bracewell (NZ),2011-2019,18,10,5,121,44,24.2,83,145.78,0,0,2,6,9,
22,KH Pandya (INDIA),2018-2019,18,9,4,121,26*,24.2,92,131.52,0,0,0,8,6,
23,DR Martyn (AUS),2005-2006,4,4,0,120,96,30.0,74,162.16,0,1,0,11,5,
24,Imrul Kayes (BDESH),2010-2017,14,13,0,119,36,9.15,134,88.8,0,0,4,14,3,
25,AA Onikoyi (NGA),2019-2019,9,8,0,119,49,14.87,144,82.63,0,0,1,8,4,
26,SCJ Broad (ENG),2006-2014,56,26,10,118,18*,7.37,118,100.0,0,0,2,7,3,
27,Sajid Cheema (Saudi),2019-2019,5,5,0,118,47,23.6,97,121.64,0,0,0,12,5,
28,JE Taylor (WI),2006-2018,30,15,6,118,21,13.11,92,128.26,0,0,1,10,6,
29,Mehran Khan (OMAN),2015-2019,19,13,2,117,29,10.63,106,110.37,0,0,1,7,5,
30,Mohammad Mithun (BDESH),2014-2019,14,10,0,117,47,11.7,125,93.6,0,0,2,9,4,
31,Naseem Khushi (OMAN),2017-2019,10,8,2,117,29,19.5,77,151.94,0,0,2,6,8,
32,H Singh (GER),2019-2019,7,6,3,117,44*,39.0,102,114.7,0,0,0,6,3,
33,Ziaur Rahman (BDESH),2012-2014,14,12,3,117,40*,13.0,91,128.57,0,0,3,3,10,
34,Aritra Dutta (SGP),2019-2019,8,8,0,116,33,14.5,114,101.75,0,0,0,8,5,
35,Shahzaib Hasan (PAK),2009-2010,10,10,0,116,35,11.6,130,89.23,0,0,3,13,3,
36,K Motlhanka (Botsw),2019-2019,7,7,0,115,59,16.42,123,93.49,0,1,0,11,2,
37,Sami Sohail (MWI),2019-2019,7,5,4,115,33*,115.0,97,118.55,0,0,0,10,2,
38,K Dasan (),2019-2019,3,3,0,114,74,38.0,108,105.55,0,1,0,10,2,
39,S Kaveri (Mex),2019-2019,7,6,1,114,43,22.8,146,78.08,0,0,0,9,1,
40,WD Parnell (SA),2009-2017,40,13,9,114,29*,28.5,96,118.75,0,0,0,10,3,
41,Chirag Suri (UAE),2018-2019,7,7,1,113,44*,18.83,121,93.38,0,0,0,10,2,
42,DL Maddy (ENG),2007-2007,4,4,0,113,50,28.25,80,141.25,0,1,0,12,3,
43,M Abdulla (MWI),2019-2019,5,5,2,112,42*,37.33,100,112.0,0,0,0,11,2,
44,Fiaz Ahmed (BAH),2019-2019,4,4,2,112,62*,56.0,72,155.55,0,1,1,6,8,
45,SP Khakurel (NEPAL),2014-2015,8,8,0,112,56,14.0,139,80.57,0,1,0,10,1,
46,JS Malhotra (USA),2019-2019,6,6,0,112,38,18.66,104,107.69,0,0,0,12,2,
47,Mohammad Boota (UAE),2019-2019,16,12,4,112,20*,14.0,100,112.0,0,0,1,7,5,
48,Mudassar Muhammad (GER),2019-2019,7,7,0,112,30,16.0,135,82.96,0,0,0,5,3,
49,AP Devcich (NZ),2013-2014,4,4,0,111,59,27.75,79,140.5,0,1,0,17,2,